{
  "average_word_error_rate": {
    "casual": 0.07914696761058271,
    "google": 0.12568667545272852
  },
  "number_of_false_alarms_test_cases_all": [
    8,
    16,
    21,
    33,
    42,
    54,
    64,
    80,
    87,
    96,
    107,
    111,
    117,
    121,
    130,
    136,
    143,
    155,
    164,
    173,
    184,
    191,
    198,
    213,
    222,
    232,
    250,
    261,
    273,
    284,
    293,
    303,
    315,
    329,
    336,
    348,
    360,
    370,
    378,
    394,
    403,
    413,
    430,
    438,
    446,
    454,
    462,
    474,
    481,
    489,
    498,
    510,
    520,
    531,
    542,
    553,
    563,
    574,
    582,
    593,
    601,
    611,
    619,
    626,
    633,
    643,
    654,
    660,
    668,
    679,
    688,
    701,
    711,
    726,
    734,
    741,
    749,
    755,
    765,
    780,
    788,
    798,
    802,
    810,
    818,
    825,
    836,
    844,
    853,
    865,
    874,
    881,
    891,
    902,
    907,
    920,
    927,
    936,
    944,
    948
  ],
  "number_of_processed_texts": [
    100,
    200,
    300,
    400,
    500,
    600,
    700,
    800,
    900,
    1000,
    1100,
    1200,
    1300,
    1400,
    1500,
    1600,
    1700,
    1800,
    1900,
    2000,
    2100,
    2200,
    2300,
    2400,
    2500,
    2600,
    2700,
    2800,
    2900,
    3000,
    3100,
    3200,
    3300,
    3400,
    3500,
    3600,
    3700,
    3800,
    3900,
    4000,
    4100,
    4200,
    4300,
    4400,
    4500,
    4600,
    4700,
    4800,
    4900,
    5000,
    5100,
    5200,
    5300,
    5400,
    5500,
    5600,
    5700,
    5800,
    5900,
    6000,
    6100,
    6200,
    6300,
    6400,
    6500,
    6600,
    6700,
    6800,
    6900,
    7000,
    7100,
    7200,
    7300,
    7400,
    7500,
    7600,
    7700,
    7800,
    7900,
    8000,
    8100,
    8200,
    8300,
    8400,
    8500,
    8600,
    8700,
    8800,
    8900,
    9000,
    9100,
    9200,
    9300,
    9400,
    9500,
    9600,
    9700,
    9800,
    9900,
    9925
  ]
}